팀명,경기날짜,이름,경기장,관중수,세트_점수
흥국생명,2019-10-19,이재영,수원체육관,0,3
흥국생명,2019-10-19,루시아,수원체육관,0,3
흥국생명,2019-10-19,김미연,수원체육관,0,3
흥국생명,2019-10-19,이주아,수원체육관,0,3
흥국생명,2019-10-19,김세영,수원체육관,0,3
흥국생명,2019-10-19,조송화,수원체육관,0,3
흥국생명,2019-10-19,김해란,수원체육관,0,3
흥국생명,2019-10-19,신연경,수원체육관,0,3
한국도로공사,2019-10-19,박정아,수원체육관,0,2
한국도로공사,2019-10-19,테일러,수원체육관,0,2
한국도로공사,2019-10-19,문정원,수원체육관,0,2
한국도로공사,2019-10-19,정대영,수원체육관,0,2
한국도로공사,2019-10-19,정선아,수원체육관,0,2
한국도로공사,2019-10-19,이효희,수원체육관,0,2
한국도로공사,2019-10-19,유서연,수원체육관,0,2
한국도로공사,2019-10-19,이원정,수원체육관,0,2
한국도로공사,2019-10-19,임명옥,수원체육관,0,2
IBK기업은행,2019-10-20,어나이,수원체육관,0,3
IBK기업은행,2019-10-20,김희진,수원체육관,0,3
IBK기업은행,2019-10-20,표승주,수원체육관,0,3
IBK기업은행,2019-10-20,김수지,수원체육관,0,3
IBK기업은행,2019-10-20,김주향,수원체육관,0,3
IBK기업은행,2019-10-20,변지수,수원체육관,0,3
IBK기업은행,2019-10-20,이나연,수원체육관,0,3
IBK기업은행,2019-10-20,박상미,수원체육관,0,3
IBK기업은행,2019-10-20,백목화,수원체육관,0,3
IBK기업은행,2019-10-20,한지현,수원체육관,0,3
KGC인삼공사,2019-10-20,디우프,수원체육관,0,2
KGC인삼공사,2019-10-20,최은지,수원체육관,0,2
KGC인삼공사,2019-10-20,박은진,수원체육관,0,2
KGC인삼공사,2019-10-20,한송이,수원체육관,0,2
KGC인삼공사,2019-10-20,채선아,수원체육관,0,2
KGC인삼공사,2019-10-20,정호영,수원체육관,0,2
KGC인삼공사,2019-10-20,염혜선,수원체육관,0,2
KGC인삼공사,2019-10-20,노란,수원체육관,0,2
KGC인삼공사,2019-10-20,오지영,수원체육관,0,2
GS칼텍스,2019-10-22,강소휘,수원체육관,0,3
GS칼텍스,2019-10-22,러츠,수원체육관,0,3
GS칼텍스,2019-10-22,이소영,수원체육관,0,3
GS칼텍스,2019-10-22,한수지,수원체육관,0,3
GS칼텍스,2019-10-22,김유리,수원체육관,0,3
GS칼텍스,2019-10-22,안혜진,수원체육관,0,3
GS칼텍스,2019-10-22,이고은,수원체육관,0,3
GS칼텍스,2019-10-22,한다혜,수원체육관,0,3
흥국생명,2019-10-22,루시아,수원체육관,0,2
흥국생명,2019-10-22,이재영,수원체육관,0,2
흥국생명,2019-10-22,이주아,수원체육관,0,2
흥국생명,2019-10-22,김미연,수원체육관,0,2
흥국생명,2019-10-22,김세영,수원체육관,0,2
흥국생명,2019-10-22,조송화,수원체육관,0,2
흥국생명,2019-10-22,김해란,수원체육관,0,2
흥국생명,2019-10-22,신연경,수원체육관,0,2
KGC인삼공사,2019-10-23,디우프,수원체육관,0,3
KGC인삼공사,2019-10-23,최은지,수원체육관,0,3
KGC인삼공사,2019-10-23,박은진,수원체육관,0,3
KGC인삼공사,2019-10-23,한송이,수원체육관,0,3
KGC인삼공사,2019-10-23,채선아,수원체육관,0,3
KGC인삼공사,2019-10-23,염혜선,수원체육관,0,3
KGC인삼공사,2019-10-23,노란,수원체육관,0,3
KGC인삼공사,2019-10-23,오지영,수원체육관,0,3
현대건설,2019-10-23,고예림,수원체육관,0,2
현대건설,2019-10-23,마야,수원체육관,0,2
현대건설,2019-10-23,양효진,수원체육관,0,2
현대건설,2019-10-23,정지윤,수원체육관,0,2
현대건설,2019-10-23,황민경,수원체육관,0,2
현대건설,2019-10-23,이다영,수원체육관,0,2
현대건설,2019-10-23,이다현,수원체육관,0,2
현대건설,2019-10-23,김연견,수원체육관,0,2
현대건설,2019-10-23,이영주,수원체육관,0,2
IBK기업은행,2019-10-24,어나이,수원체육관,0,3
IBK기업은행,2019-10-24,김희진,수원체육관,0,3
IBK기업은행,2019-10-24,표승주,수원체육관,0,3
IBK기업은행,2019-10-24,김주향,수원체육관,0,3
IBK기업은행,2019-10-24,김수지,수원체육관,0,3
IBK기업은행,2019-10-24,이나연,수원체육관,0,3
IBK기업은행,2019-10-24,백목화,수원체육관,0,3
IBK기업은행,2019-10-24,한지현,수원체육관,0,3
한국도로공사,2019-10-24,테일러,수원체육관,0,2
한국도로공사,2019-10-24,박정아,수원체육관,0,2
한국도로공사,2019-10-24,문정원,수원체육관,0,2
한국도로공사,2019-10-24,정대영,수원체육관,0,2
한국도로공사,2019-10-24,정선아,수원체육관,0,2
한국도로공사,2019-10-24,이효희,수원체육관,0,2
한국도로공사,2019-10-24,유서연,수원체육관,0,2
한국도로공사,2019-10-24,임명옥,수원체육관,0,2
흥국생명,2019-10-26,이재영,수원체육관,0,3
흥국생명,2019-10-26,루시아,수원체육관,0,3
흥국생명,2019-10-26,김미연,수원체육관,0,3
흥국생명,2019-10-26,김세영,수원체육관,0,3
흥국생명,2019-10-26,이주아,수원체육관,0,3
흥국생명,2019-10-26,김채연,수원체육관,0,3
흥국생명,2019-10-26,김해란,수원체육관,0,3
흥국생명,2019-10-26,신연경,수원체육관,0,3
흥국생명,2019-10-26,조송화,수원체육관,0,3
현대건설,2019-10-26,마야,수원체육관,0,2
현대건설,2019-10-26,양효진,수원체육관,0,2
현대건설,2019-10-26,고예림,수원체육관,0,2
현대건설,2019-10-26,정지윤,수원체육관,0,2
현대건설,2019-10-26,황민경,수원체육관,0,2
현대건설,2019-10-26,이다영,수원체육관,0,2
현대건설,2019-10-26,고유민,수원체육관,0,2
현대건설,2019-10-26,김연견,수원체육관,0,2
한국도로공사,2019-10-27,테일러,수원체육관,0,3
한국도로공사,2019-10-27,박정아,수원체육관,0,3
한국도로공사,2019-10-27,문정원,수원체육관,0,3
한국도로공사,2019-10-27,정대영,수원체육관,0,3
한국도로공사,2019-10-27,정선아,수원체육관,0,3
한국도로공사,2019-10-27,이원정,수원체육관,0,3
한국도로공사,2019-10-27,유서연,수원체육관,0,3
한국도로공사,2019-10-27,이효희,수원체육관,0,3
한국도로공사,2019-10-27,임명옥,수원체육관,0,3
한국도로공사,2019-10-27,전새얀,수원체육관,0,3
GS칼텍스,2019-10-27,러츠,수원체육관,0,2
GS칼텍스,2019-10-27,강소휘,수원체육관,0,2
GS칼텍스,2019-10-27,이소영,수원체육관,0,2
GS칼텍스,2019-10-27,김유리,수원체육관,0,2
GS칼텍스,2019-10-27,한수지,수원체육관,0,2
GS칼텍스,2019-10-27,이고은,수원체육관,0,2
GS칼텍스,2019-10-27,안혜진,수원체육관,0,2
GS칼텍스,2019-10-27,한다혜,수원체육관,0,2
KGC인삼공사,2019-10-29,디우프,수원체육관,0,3
KGC인삼공사,2019-10-29,최은지,수원체육관,0,3
KGC인삼공사,2019-10-29,박은진,수원체육관,0,3
KGC인삼공사,2019-10-29,채선아,수원체육관,0,3
KGC인삼공사,2019-10-29,한송이,수원체육관,0,3
KGC인삼공사,2019-10-29,염혜선,수원체육관,0,3
KGC인삼공사,2019-10-29,노란,수원체육관,0,3
KGC인삼공사,2019-10-29,오지영,수원체육관,0,3
흥국생명,2019-10-29,이재영,수원체육관,0,2
흥국생명,2019-10-29,루시아,수원체육관,0,2
흥국생명,2019-10-29,김미연,수원체육관,0,2
흥국생명,2019-10-29,김세영,수원체육관,0,2
흥국생명,2019-10-29,이주아,수원체육관,0,2
흥국생명,2019-10-29,김채연,수원체육관,0,2
흥국생명,2019-10-29,조송화,수원체육관,0,2
흥국생명,2019-10-29,김해란,수원체육관,0,2
흥국생명,2019-10-29,도수빈,수원체육관,0,2
흥국생명,2019-10-29,신연경,수원체육관,0,2
GS칼텍스,2019-10-30,강소휘,수원체육관,0,3
GS칼텍스,2019-10-30,러츠,수원체육관,0,3
GS칼텍스,2019-10-30,이소영,수원체육관,0,3
GS칼텍스,2019-10-30,김유리,수원체육관,0,3
GS칼텍스,2019-10-30,한수지,수원체육관,0,3
GS칼텍스,2019-10-30,이고은,수원체육관,0,3
GS칼텍스,2019-10-30,한다혜,수원체육관,0,3
IBK기업은행,2019-10-30,어나이,수원체육관,0,2
IBK기업은행,2019-10-30,표승주,수원체육관,0,2
IBK기업은행,2019-10-30,김수지,수원체육관,0,2
IBK기업은행,2019-10-30,김희진,수원체육관,0,2
IBK기업은행,2019-10-30,김주향,수원체육관,0,2
IBK기업은행,2019-10-30,이나연,수원체육관,0,2
IBK기업은행,2019-10-30,백목화,수원체육관,0,2
한국도로공사,2019-10-31,테일러,수원체육관,0,3
한국도로공사,2019-10-31,박정아,수원체육관,0,3
한국도로공사,2019-10-31,정대영,수원체육관,0,3
한국도로공사,2019-10-31,문정원,수원체육관,0,3
한국도로공사,2019-10-31,이원정,수원체육관,0,3
한국도로공사,2019-10-31,임명옥,수원체육관,0,3
현대건설,2019-10-31,양효진,수원체육관,0,2
현대건설,2019-10-31,마야,수원체육관,0,2
현대건설,2019-10-31,고예림,수원체육관,0,2
현대건설,2019-10-31,황민경,수원체육관,0,2
현대건설,2019-10-31,정지윤,수원체육관,0,2
현대건설,2019-10-31,이다영,수원체육관,0,2
현대건설,2019-10-31,김연견,수원체육관,0,2
KGC인삼공사,2019-11-02,디우프,수원체육관,0,3
KGC인삼공사,2019-11-02,최은지,수원체육관,0,3
KGC인삼공사,2019-11-02,박은진,수원체육관,0,3
KGC인삼공사,2019-11-02,한송이,수원체육관,0,3
KGC인삼공사,2019-11-02,채선아,수원체육관,0,3
KGC인삼공사,2019-11-02,염혜선,수원체육관,0,3
KGC인삼공사,2019-11-02,노란,수원체육관,0,3
KGC인삼공사,2019-11-02,오지영,수원체육관,0,3
GS칼텍스,2019-11-02,러츠,수원체육관,0,2
GS칼텍스,2019-11-02,강소휘,수원체육관,0,2
GS칼텍스,2019-11-02,이소영,수원체육관,0,2
GS칼텍스,2019-11-02,김유리,수원체육관,0,2
GS칼텍스,2019-11-02,한수지,수원체육관,0,2
GS칼텍스,2019-11-02,이고은,수원체육관,0,2
GS칼텍스,2019-11-02,안혜진,수원체육관,0,2
GS칼텍스,2019-11-02,이현,수원체육관,0,2
GS칼텍스,2019-11-02,한다혜,수원체육관,0,2
GS칼텍스,2019-11-02,한수진,수원체육관,0,2
현대건설,2019-11-03,양효진,수원체육관,0,3
현대건설,2019-11-03,마야,수원체육관,0,3
현대건설,2019-11-03,정지윤,수원체육관,0,3
현대건설,2019-11-03,이다영,수원체육관,0,3
현대건설,2019-11-03,황민경,수원체육관,0,3
현대건설,2019-11-03,고예림,수원체육관,0,3
현대건설,2019-11-03,이다현,수원체육관,0,3
현대건설,2019-11-03,김연견,수원체육관,0,3
현대건설,2019-11-03,이영주,수원체육관,0,3
IBK기업은행,2019-11-03,어나이,수원체육관,0,2
IBK기업은행,2019-11-03,김희진,수원체육관,0,2
IBK기업은행,2019-11-03,표승주,수원체육관,0,2
IBK기업은행,2019-11-03,김수지,수원체육관,0,2
IBK기업은행,2019-11-03,김주향,수원체육관,0,2
IBK기업은행,2019-11-03,이나연,수원체육관,0,2
IBK기업은행,2019-11-03,박상미,수원체육관,0,2
한국도로공사,2019-11-05,하혜진,수원체육관,0,3
한국도로공사,2019-11-05,박정아,수원체육관,0,3
한국도로공사,2019-11-05,정대영,수원체육관,0,3
한국도로공사,2019-11-05,테일러,수원체육관,0,3
한국도로공사,2019-11-05,문정원,수원체육관,0,3
한국도로공사,2019-11-05,이효희,수원체육관,0,3
한국도로공사,2019-11-05,유서연,수원체육관,0,3
한국도로공사,2019-11-05,이원정,수원체육관,0,3
한국도로공사,2019-11-05,임명옥,수원체육관,0,3
한국도로공사,2019-11-05,전새얀,수원체육관,0,3
KGC인삼공사,2019-11-05,디우프,수원체육관,0,2
KGC인삼공사,2019-11-05,최은지,수원체육관,0,2
KGC인삼공사,2019-11-05,박은진,수원체육관,0,2
KGC인삼공사,2019-11-05,한송이,수원체육관,0,2
KGC인삼공사,2019-11-05,채선아,수원체육관,0,2
KGC인삼공사,2019-11-05,염혜선,수원체육관,0,2
KGC인삼공사,2019-11-05,나현수,수원체육관,0,2
KGC인삼공사,2019-11-05,노란,수원체육관,0,2
KGC인삼공사,2019-11-05,오지영,수원체육관,0,2
KGC인삼공사,2019-11-05,정호영,수원체육관,0,2
GS칼텍스,2019-11-06,러츠,수원체육관,0,3
GS칼텍스,2019-11-06,강소휘,수원체육관,0,3
GS칼텍스,2019-11-06,이소영,수원체육관,0,3
GS칼텍스,2019-11-06,안혜진,수원체육관,0,3
GS칼텍스,2019-11-06,한수지,수원체육관,0,3
GS칼텍스,2019-11-06,김유리,수원체육관,0,3
GS칼텍스,2019-11-06,이현,수원체육관,0,3
GS칼텍스,2019-11-06,이고은,수원체육관,0,3
GS칼텍스,2019-11-06,한다혜,수원체육관,0,3
현대건설,2019-11-06,마야,수원체육관,0,2
현대건설,2019-11-06,황민경,수원체육관,0,2
현대건설,2019-11-06,고예림,수원체육관,0,2
현대건설,2019-11-06,양효진,수원체육관,0,2
현대건설,2019-11-06,정지윤,수원체육관,0,2
현대건설,2019-11-06,이다영,수원체육관,0,2
현대건설,2019-11-06,김연견,수원체육관,0,2
IBK기업은행,2019-11-07,어나이,수원체육관,0,3
IBK기업은행,2019-11-07,표승주,수원체육관,0,3
IBK기업은행,2019-11-07,김수지,수원체육관,0,3
IBK기업은행,2019-11-07,김현지,수원체육관,0,3
IBK기업은행,2019-11-07,김희진,수원체육관,0,3
IBK기업은행,2019-11-07,김하경,수원체육관,0,3
IBK기업은행,2019-11-07,이나연,수원체육관,0,3
IBK기업은행,2019-11-07,김해빈,수원체육관,0,3
IBK기업은행,2019-11-07,박상미,수원체육관,0,3
흥국생명,2019-11-07,이재영,수원체육관,0,2
흥국생명,2019-11-07,루시아,수원체육관,0,2
흥국생명,2019-11-07,김세영,수원체육관,0,2
흥국생명,2019-11-07,김미연,수원체육관,0,2
흥국생명,2019-11-07,이주아,수원체육관,0,2
흥국생명,2019-11-07,조송화,수원체육관,0,2
흥국생명,2019-11-07,김해란,수원체육관,0,2
흥국생명,2019-11-07,박현주,수원체육관,0,2
한국도로공사,2019-11-09,하혜진,수원체육관,0,3
한국도로공사,2019-11-09,유서연,수원체육관,0,3
한국도로공사,2019-11-09,전새얀,수원체육관,0,3
한국도로공사,2019-11-09,박정아,수원체육관,0,3
한국도로공사,2019-11-09,정대영,수원체육관,0,3
한국도로공사,2019-11-09,이원정,수원체육관,0,3
한국도로공사,2019-11-09,임명옥,수원체육관,0,3
현대건설,2019-11-09,마야,수원체육관,0,2
현대건설,2019-11-09,양효진,수원체육관,0,2
현대건설,2019-11-09,황민경,수원체육관,0,2
현대건설,2019-11-09,고예림,수원체육관,0,2
현대건설,2019-11-09,이다영,수원체육관,0,2
현대건설,2019-11-09,김연견,수원체육관,0,2
흥국생명,2019-11-10,이재영,수원체육관,0,3
흥국생명,2019-11-10,김미연,수원체육관,0,3
흥국생명,2019-11-10,루시아,수원체육관,0,3
흥국생명,2019-11-10,김세영,수원체육관,0,3
흥국생명,2019-11-10,이주아,수원체육관,0,3
흥국생명,2019-11-10,조송화,수원체육관,0,3
흥국생명,2019-11-10,김해란,수원체육관,0,3
흥국생명,2019-11-10,박현주,수원체육관,0,3
흥국생명,2019-11-10,신연경,수원체육관,0,3
IBK기업은행,2019-11-10,김주향,수원체육관,0,2
IBK기업은행,2019-11-10,어나이,수원체육관,0,2
IBK기업은행,2019-11-10,김수지,수원체육관,0,2
IBK기업은행,2019-11-10,문지윤,수원체육관,0,2
IBK기업은행,2019-11-10,박상미,수원체육관,0,2
KGC인삼공사,2019-11-12,디우프,수원체육관,0,3
KGC인삼공사,2019-11-12,최은지,수원체육관,0,3
KGC인삼공사,2019-11-12,한송이,수원체육관,0,3
KGC인삼공사,2019-11-12,지민경,수원체육관,0,3
KGC인삼공사,2019-11-12,박은진,수원체육관,0,3
KGC인삼공사,2019-11-12,염혜선,수원체육관,0,3
KGC인삼공사,2019-11-12,노란,수원체육관,0,3
KGC인삼공사,2019-11-12,오지영,수원체육관,0,3
한국도로공사,2019-11-12,박정아,수원체육관,0,2
한국도로공사,2019-11-12,하혜진,수원체육관,0,2
한국도로공사,2019-11-12,문정원,수원체육관,0,2
한국도로공사,2019-11-12,정대영,수원체육관,0,2
한국도로공사,2019-11-12,최민지,수원체육관,0,2
한국도로공사,2019-11-12,이효희,수원체육관,0,2
한국도로공사,2019-11-12,전새얀,수원체육관,0,2
한국도로공사,2019-11-12,유서연,수원체육관,0,2
한국도로공사,2019-11-12,이원정,수원체육관,0,2
한국도로공사,2019-11-12,임명옥,수원체육관,0,2
현대건설,2019-11-13,양효진,수원체육관,0,3
현대건설,2019-11-13,황민경,수원체육관,0,3
현대건설,2019-11-13,고예림,수원체육관,0,3
현대건설,2019-11-13,이다현,수원체육관,0,3
현대건설,2019-11-13,황연주,수원체육관,0,3
현대건설,2019-11-13,정지윤,수원체육관,0,3
현대건설,2019-11-13,마야,수원체육관,0,3
현대건설,2019-11-13,이다영,수원체육관,0,3
현대건설,2019-11-13,김연견,수원체육관,0,3
흥국생명,2019-11-13,루시아,수원체육관,0,2
흥국생명,2019-11-13,이재영,수원체육관,0,2
흥국생명,2019-11-13,김미연,수원체육관,0,2
흥국생명,2019-11-13,김세영,수원체육관,0,2
흥국생명,2019-11-13,이주아,수원체육관,0,2
흥국생명,2019-11-13,김채연,수원체육관,0,2
흥국생명,2019-11-13,조송화,수원체육관,0,2
흥국생명,2019-11-13,김해란,수원체육관,0,2
흥국생명,2019-11-13,박현주,수원체육관,0,2
흥국생명,2019-11-13,신연경,수원체육관,0,2
IBK기업은행,2019-11-14,어나이,수원체육관,0,3
IBK기업은행,2019-11-14,김주향,수원체육관,0,3
IBK기업은행,2019-11-14,김수지,수원체육관,0,3
IBK기업은행,2019-11-14,김희진,수원체육관,0,3
IBK기업은행,2019-11-14,백목화,수원체육관,0,3
IBK기업은행,2019-11-14,육서영,수원체육관,0,3
IBK기업은행,2019-11-14,이나연,수원체육관,0,3
IBK기업은행,2019-11-14,김하경,수원체육관,0,3
IBK기업은행,2019-11-14,김해빈,수원체육관,0,3
IBK기업은행,2019-11-14,박상미,수원체육관,0,3
GS칼텍스,2019-11-14,러츠,수원체육관,0,2
GS칼텍스,2019-11-14,이소영,수원체육관,0,2
GS칼텍스,2019-11-14,강소휘,수원체육관,0,2
GS칼텍스,2019-11-14,김유리,수원체육관,0,2
GS칼텍스,2019-11-14,한수지,수원체육관,0,2
GS칼텍스,2019-11-14,안혜진,수원체육관,0,2
GS칼텍스,2019-11-14,이현,수원체육관,0,2
GS칼텍스,2019-11-14,이고은,수원체육관,0,2
GS칼텍스,2019-11-14,한다혜,수원체육관,0,2
GS칼텍스,2019-11-14,한수진,수원체육관,0,2
현대건설,2019-11-16,양효진,수원체육관,0,3
현대건설,2019-11-16,황민경,수원체육관,0,3
현대건설,2019-11-16,마야,수원체육관,0,3
현대건설,2019-11-16,정지윤,수원체육관,0,3
현대건설,2019-11-16,고예림,수원체육관,0,3
현대건설,2019-11-16,이다영,수원체육관,0,3
현대건설,2019-11-16,고유민,수원체육관,0,3
현대건설,2019-11-16,김연견,수원체육관,0,3
KGC인삼공사,2019-11-16,디우프,수원체육관,0,2
KGC인삼공사,2019-11-16,지민경,수원체육관,0,2
KGC인삼공사,2019-11-16,한송이,수원체육관,0,2
KGC인삼공사,2019-11-16,박은진,수원체육관,0,2
KGC인삼공사,2019-11-16,최은지,수원체육관,0,2
KGC인삼공사,2019-11-16,노란,수원체육관,0,2
KGC인삼공사,2019-11-16,염혜선,수원체육관,0,2
KGC인삼공사,2019-11-16,오지영,수원체육관,0,2
KGC인삼공사,2019-11-16,채선아,수원체육관,0,2
흥국생명,2019-11-17,이재영,수원체육관,0,3
흥국생명,2019-11-17,김미연,수원체육관,0,3
흥국생명,2019-11-17,이한비,수원체육관,0,3
흥국생명,2019-11-17,이주아,수원체육관,0,3
흥국생명,2019-11-17,김세영,수원체육관,0,3
흥국생명,2019-11-17,김채연,수원체육관,0,3
흥국생명,2019-11-17,박현주,수원체육관,0,3
흥국생명,2019-11-17,김다솔,수원체육관,0,3
흥국생명,2019-11-17,김해란,수원체육관,0,3
흥국생명,2019-11-17,신연경,수원체육관,0,3
GS칼텍스,2019-11-17,러츠,수원체육관,0,2
GS칼텍스,2019-11-17,강소휘,수원체육관,0,2
GS칼텍스,2019-11-17,박혜민,수원체육관,0,2
GS칼텍스,2019-11-17,김유리,수원체육관,0,2
GS칼텍스,2019-11-17,한수지,수원체육관,0,2
GS칼텍스,2019-11-17,안혜진,수원체육관,0,2
GS칼텍스,2019-11-17,이고은,수원체육관,0,2
GS칼텍스,2019-11-17,이현,수원체육관,0,2
GS칼텍스,2019-11-17,한다혜,수원체육관,0,2
GS칼텍스,2019-11-17,한수진,수원체육관,0,2
IBK기업은행,2019-11-19,어나이,수원체육관,0,3
IBK기업은행,2019-11-19,김희진,수원체육관,0,3
IBK기업은행,2019-11-19,김수지,수원체육관,0,3
IBK기업은행,2019-11-19,백목화,수원체육관,0,3
IBK기업은행,2019-11-19,육서영,수원체육관,0,3
IBK기업은행,2019-11-19,김해빈,수원체육관,0,3
IBK기업은행,2019-11-19,박상미,수원체육관,0,3
IBK기업은행,2019-11-19,이나연,수원체육관,0,3
IBK기업은행,2019-11-19,전하리,수원체육관,0,3
현대건설,2019-11-19,고예림,수원체육관,0,2
현대건설,2019-11-19,정지윤,수원체육관,0,2
현대건설,2019-11-19,양효진,수원체육관,0,2
현대건설,2019-11-19,황민경,수원체육관,0,2
현대건설,2019-11-19,황연주,수원체육관,0,2
현대건설,2019-11-19,이다영,수원체육관,0,2
현대건설,2019-11-19,이다현,수원체육관,0,2
현대건설,2019-11-19,고유민,수원체육관,0,2
현대건설,2019-11-19,김연견,수원체육관,0,2
GS칼텍스,2019-11-20,러츠,수원체육관,0,3
GS칼텍스,2019-11-20,강소휘,수원체육관,0,3
GS칼텍스,2019-11-20,박혜민,수원체육관,0,3
GS칼텍스,2019-11-20,한수지,수원체육관,0,3
GS칼텍스,2019-11-20,김현정,수원체육관,0,3
GS칼텍스,2019-11-20,안혜진,수원체육관,0,3
GS칼텍스,2019-11-20,이고은,수원체육관,0,3
GS칼텍스,2019-11-20,한다혜,수원체육관,0,3
한국도로공사,2019-11-20,박정아,수원체육관,0,2
한국도로공사,2019-11-20,문정원,수원체육관,0,2
한국도로공사,2019-11-20,하혜진,수원체육관,0,2
한국도로공사,2019-11-20,전새얀,수원체육관,0,2
한국도로공사,2019-11-20,이효희,수원체육관,0,2
한국도로공사,2019-11-20,정선아,수원체육관,0,2
한국도로공사,2019-11-20,임명옥,수원체육관,0,2
흥국생명,2019-11-21,이재영,수원체육관,0,3
흥국생명,2019-11-21,이한비,수원체육관,0,3
흥국생명,2019-11-21,김미연,수원체육관,0,3
흥국생명,2019-11-21,이주아,수원체육관,0,3
흥국생명,2019-11-21,조송화,수원체육관,0,3
흥국생명,2019-11-21,김세영,수원체육관,0,3
흥국생명,2019-11-21,박현주,수원체육관,0,3
흥국생명,2019-11-21,김해란,수원체육관,0,3
흥국생명,2019-11-21,신연경,수원체육관,0,3
KGC인삼공사,2019-11-21,디우프,수원체육관,0,2
KGC인삼공사,2019-11-21,최은지,수원체육관,0,2
KGC인삼공사,2019-11-21,박은진,수원체육관,0,2
KGC인삼공사,2019-11-21,한송이,수원체육관,0,2
KGC인삼공사,2019-11-21,지민경,수원체육관,0,2
KGC인삼공사,2019-11-21,하효림,수원체육관,0,2
KGC인삼공사,2019-11-21,정호영,수원체육관,0,2
KGC인삼공사,2019-11-21,염혜선,수원체육관,0,2
KGC인삼공사,2019-11-21,노란,수원체육관,0,2
KGC인삼공사,2019-11-21,오지영,수원체육관,0,2
한국도로공사,2019-11-23,박정아,수원체육관,0,3
한국도로공사,2019-11-23,전새얀,수원체육관,0,3
한국도로공사,2019-11-23,문정원,수원체육관,0,3
한국도로공사,2019-11-23,정대영,수원체육관,0,3
한국도로공사,2019-11-23,최민지,수원체육관,0,3
한국도로공사,2019-11-23,정선아,수원체육관,0,3
한국도로공사,2019-11-23,이효희,수원체육관,0,3
한국도로공사,2019-11-23,임명옥,수원체육관,0,3
IBK기업은행,2019-11-23,어나이,수원체육관,0,2
IBK기업은행,2019-11-23,김주향,수원체육관,0,2
IBK기업은행,2019-11-23,김수지,수원체육관,0,2
IBK기업은행,2019-11-23,김희진,수원체육관,0,2
IBK기업은행,2019-11-23,육서영,수원체육관,0,2
IBK기업은행,2019-11-23,이나연,수원체육관,0,2
IBK기업은행,2019-11-23,김해빈,수원체육관,0,2
IBK기업은행,2019-11-23,한지현,수원체육관,0,2
GS칼텍스,2019-11-24,러츠,수원체육관,0,3
GS칼텍스,2019-11-24,강소휘,수원체육관,0,3
GS칼텍스,2019-11-24,박혜민,수원체육관,0,3
GS칼텍스,2019-11-24,한수지,수원체육관,0,3
GS칼텍스,2019-11-24,권민지,수원체육관,0,3
GS칼텍스,2019-11-24,김유리,수원체육관,0,3
GS칼텍스,2019-11-24,안혜진,수원체육관,0,3
GS칼텍스,2019-11-24,이고은,수원체육관,0,3
GS칼텍스,2019-11-24,한다혜,수원체육관,0,3
GS칼텍스,2019-11-24,한수진,수원체육관,0,3
KGC인삼공사,2019-11-24,디우프,수원체육관,0,2
KGC인삼공사,2019-11-24,한송이,수원체육관,0,2
KGC인삼공사,2019-11-24,지민경,수원체육관,0,2
KGC인삼공사,2019-11-24,최은지,수원체육관,0,2
KGC인삼공사,2019-11-24,박은진,수원체육관,0,2
KGC인삼공사,2019-11-24,정호영,수원체육관,0,2
KGC인삼공사,2019-11-24,염혜선,수원체육관,0,2
KGC인삼공사,2019-11-24,노란,수원체육관,0,2
KGC인삼공사,2019-11-24,오지영,수원체육관,0,2
흥국생명,2019-11-26,이재영,수원체육관,0,3
흥국생명,2019-11-26,김미연,수원체육관,0,3
흥국생명,2019-11-26,박현주,수원체육관,0,3
흥국생명,2019-11-26,이주아,수원체육관,0,3
흥국생명,2019-11-26,이한비,수원체육관,0,3
흥국생명,2019-11-26,김세영,수원체육관,0,3
흥국생명,2019-11-26,조송화,수원체육관,0,3
흥국생명,2019-11-26,김해란,수원체육관,0,3
한국도로공사,2019-11-26,박정아,수원체육관,0,2
한국도로공사,2019-11-26,전새얀,수원체육관,0,2
한국도로공사,2019-11-26,정대영,수원체육관,0,2
한국도로공사,2019-11-26,문정원,수원체육관,0,2
한국도로공사,2019-11-26,최민지,수원체육관,0,2
한국도로공사,2019-11-26,이세빈,수원체육관,0,2
한국도로공사,2019-11-26,유서연,수원체육관,0,2
한국도로공사,2019-11-26,이효희,수원체육관,0,2
한국도로공사,2019-11-26,임명옥,수원체육관,0,2
KGC인삼공사,2019-11-27,디우프,수원체육관,0,3
KGC인삼공사,2019-11-27,최은지,수원체육관,0,3
KGC인삼공사,2019-11-27,한송이,수원체육관,0,3
KGC인삼공사,2019-11-27,지민경,수원체육관,0,3
KGC인삼공사,2019-11-27,박은진,수원체육관,0,3
KGC인삼공사,2019-11-27,나현수,수원체육관,0,3
KGC인삼공사,2019-11-27,염혜선,수원체육관,0,3
KGC인삼공사,2019-11-27,노란,수원체육관,0,3
KGC인삼공사,2019-11-27,오지영,수원체육관,0,3
IBK기업은행,2019-11-27,어나이,수원체육관,0,2
IBK기업은행,2019-11-27,김주향,수원체육관,0,2
IBK기업은행,2019-11-27,김희진,수원체육관,0,2
IBK기업은행,2019-11-27,육서영,수원체육관,0,2
IBK기업은행,2019-11-27,김수지,수원체육관,0,2
IBK기업은행,2019-11-27,이나연,수원체육관,0,2
IBK기업은행,2019-11-27,김해빈,수원체육관,0,2
IBK기업은행,2019-11-27,박상미,수원체육관,0,2
IBK기업은행,2019-11-27,전하리,수원체육관,0,2
현대건설,2019-11-28,헤일리,수원체육관,0,3
현대건설,2019-11-28,황민경,수원체육관,0,3
현대건설,2019-11-28,고예림,수원체육관,0,3
현대건설,2019-11-28,양효진,수원체육관,0,3
현대건설,2019-11-28,이다영,수원체육관,0,3
현대건설,2019-11-28,이다현,수원체육관,0,3
현대건설,2019-11-28,정지윤,수원체육관,0,3
현대건설,2019-11-28,김연견,수원체육관,0,3
GS칼텍스,2019-11-28,러츠,수원체육관,0,2
GS칼텍스,2019-11-28,강소휘,수원체육관,0,2
GS칼텍스,2019-11-28,박혜민,수원체육관,0,2
GS칼텍스,2019-11-28,한수지,수원체육관,0,2
GS칼텍스,2019-11-28,권민지,수원체육관,0,2
GS칼텍스,2019-11-28,이고은,수원체육관,0,2
GS칼텍스,2019-11-28,안혜진,수원체육관,0,2
GS칼텍스,2019-11-28,한다혜,수원체육관,0,2
GS칼텍스,2019-11-28,한수진,수원체육관,0,2
KGC인삼공사,2019-11-30,디우프,수원체육관,0,3
KGC인삼공사,2019-11-30,최은지,수원체육관,0,3
KGC인삼공사,2019-11-30,한송이,수원체육관,0,3
KGC인삼공사,2019-11-30,박은진,수원체육관,0,3
KGC인삼공사,2019-11-30,지민경,수원체육관,0,3
KGC인삼공사,2019-11-30,하효림,수원체육관,0,3
KGC인삼공사,2019-11-30,노란,수원체육관,0,3
KGC인삼공사,2019-11-30,염혜선,수원체육관,0,3
KGC인삼공사,2019-11-30,오지영,수원체육관,0,3
흥국생명,2019-11-30,이재영,수원체육관,0,2
흥국생명,2019-11-30,김미연,수원체육관,0,2
흥국생명,2019-11-30,이주아,수원체육관,0,2
흥국생명,2019-11-30,이한비,수원체육관,0,2
흥국생명,2019-11-30,김세영,수원체육관,0,2
흥국생명,2019-11-30,김채연,수원체육관,0,2
흥국생명,2019-11-30,조송화,수원체육관,0,2
흥국생명,2019-11-30,도수빈,수원체육관,0,2
흥국생명,2019-11-30,박현주,수원체육관,0,2
흥국생명,2019-11-30,김해란,수원체육관,0,2
현대건설,2019-12-01,헤일리,수원체육관,0,3
현대건설,2019-12-01,양효진,수원체육관,0,3
현대건설,2019-12-01,고예림,수원체육관,0,3
현대건설,2019-12-01,정지윤,수원체육관,0,3
현대건설,2019-12-01,황민경,수원체육관,0,3
현대건설,2019-12-01,이다영,수원체육관,0,3
현대건설,2019-12-01,김연견,수원체육관,0,3
현대건설,2019-12-01,이영주,수원체육관,0,3
한국도로공사,2019-12-01,박정아,수원체육관,0,2
한국도로공사,2019-12-01,전새얀,수원체육관,0,2
한국도로공사,2019-12-01,문정원,수원체육관,0,2
한국도로공사,2019-12-01,정대영,수원체육관,0,2
한국도로공사,2019-12-01,최민지,수원체육관,0,2
한국도로공사,2019-12-01,이효희,수원체육관,0,2
한국도로공사,2019-12-01,정선아,수원체육관,0,2
한국도로공사,2019-12-01,이세빈,수원체육관,0,2
한국도로공사,2019-12-01,이원정,수원체육관,0,2
한국도로공사,2019-12-01,임명옥,수원체육관,0,2
IBK기업은행,2019-12-03,어나이,수원체육관,0,3
IBK기업은행,2019-12-03,김주향,수원체육관,0,3
IBK기업은행,2019-12-03,김희진,수원체육관,0,3
IBK기업은행,2019-12-03,표승주,수원체육관,0,3
IBK기업은행,2019-12-03,김수지,수원체육관,0,3
IBK기업은행,2019-12-03,백목화,수원체육관,0,3
IBK기업은행,2019-12-03,이나연,수원체육관,0,3
IBK기업은행,2019-12-03,전하리,수원체육관,0,3
IBK기업은행,2019-12-03,육서영,수원체육관,0,3
IBK기업은행,2019-12-03,박상미,수원체육관,0,3
KGC인삼공사,2019-12-03,디우프,수원체육관,0,2
KGC인삼공사,2019-12-03,최은지,수원체육관,0,2
KGC인삼공사,2019-12-03,지민경,수원체육관,0,2
KGC인삼공사,2019-12-03,한송이,수원체육관,0,2
KGC인삼공사,2019-12-03,염혜선,수원체육관,0,2
KGC인삼공사,2019-12-03,박은진,수원체육관,0,2
KGC인삼공사,2019-12-03,노란,수원체육관,0,2
KGC인삼공사,2019-12-03,오지영,수원체육관,0,2
GS칼텍스,2019-12-04,러츠,수원체육관,0,3
GS칼텍스,2019-12-04,박혜민,수원체육관,0,3
GS칼텍스,2019-12-04,한수지,수원체육관,0,3
GS칼텍스,2019-12-04,권민지,수원체육관,0,3
GS칼텍스,2019-12-04,안혜진,수원체육관,0,3
GS칼텍스,2019-12-04,김유리,수원체육관,0,3
GS칼텍스,2019-12-04,이고은,수원체육관,0,3
GS칼텍스,2019-12-04,한다혜,수원체육관,0,3
GS칼텍스,2019-12-04,한수진,수원체육관,0,3
한국도로공사,2019-12-04,박정아,수원체육관,0,2
한국도로공사,2019-12-04,전새얀,수원체육관,0,2
한국도로공사,2019-12-04,하혜진,수원체육관,0,2
한국도로공사,2019-12-04,문정원,수원체육관,0,2
한국도로공사,2019-12-04,정대영,수원체육관,0,2
한국도로공사,2019-12-04,이원정,수원체육관,0,2
한국도로공사,2019-12-04,이세빈,수원체육관,0,2
한국도로공사,2019-12-04,이효희,수원체육관,0,2
한국도로공사,2019-12-04,임명옥,수원체육관,0,2
흥국생명,2019-12-05,이재영,수원체육관,0,3
흥국생명,2019-12-05,루시아,수원체육관,0,3
흥국생명,2019-12-05,김미연,수원체육관,0,3
흥국생명,2019-12-05,김세영,수원체육관,0,3
흥국생명,2019-12-05,김나희,수원체육관,0,3
흥국생명,2019-12-05,조송화,수원체육관,0,3
흥국생명,2019-12-05,김해란,수원체육관,0,3
흥국생명,2019-12-05,박현주,수원체육관,0,3
흥국생명,2019-12-05,신연경,수원체육관,0,3
현대건설,2019-12-05,헤일리,수원체육관,0,2
현대건설,2019-12-05,양효진,수원체육관,0,2
현대건설,2019-12-05,정지윤,수원체육관,0,2
현대건설,2019-12-05,황민경,수원체육관,0,2
현대건설,2019-12-05,고예림,수원체육관,0,2
현대건설,2019-12-05,이다영,수원체육관,0,2
현대건설,2019-12-05,이다현,수원체육관,0,2
현대건설,2019-12-05,김연견,수원체육관,0,2
IBK기업은행,2019-12-07,김주향,수원체육관,0,3
IBK기업은행,2019-12-07,어나이,수원체육관,0,3
IBK기업은행,2019-12-07,김수지,수원체육관,0,3
IBK기업은행,2019-12-07,표승주,수원체육관,0,3
IBK기업은행,2019-12-07,김희진,수원체육관,0,3
IBK기업은행,2019-12-07,이나연,수원체육관,0,3
IBK기업은행,2019-12-07,김해빈,수원체육관,0,3
IBK기업은행,2019-12-07,박상미,수원체육관,0,3
IBK기업은행,2019-12-07,백목화,수원체육관,0,3
IBK기업은행,2019-12-07,전하리,수원체육관,0,3
한국도로공사,2019-12-07,박정아,수원체육관,0,2
한국도로공사,2019-12-07,전새얀,수원체육관,0,2
한국도로공사,2019-12-07,문정원,수원체육관,0,2
한국도로공사,2019-12-07,하혜진,수원체육관,0,2
한국도로공사,2019-12-07,정대영,수원체육관,0,2
한국도로공사,2019-12-07,정선아,수원체육관,0,2
한국도로공사,2019-12-07,이효희,수원체육관,0,2
한국도로공사,2019-12-07,이원정,수원체육관,0,2
한국도로공사,2019-12-07,이세빈,수원체육관,0,2
한국도로공사,2019-12-07,임명옥,수원체육관,0,2
GS칼텍스,2019-12-08,러츠,수원체육관,0,3
GS칼텍스,2019-12-08,강소휘,수원체육관,0,3
GS칼텍스,2019-12-08,김유리,수원체육관,0,3
GS칼텍스,2019-12-08,한수지,수원체육관,0,3
GS칼텍스,2019-12-08,안혜진,수원체육관,0,3
GS칼텍스,2019-12-08,이고은,수원체육관,0,3
GS칼텍스,2019-12-08,한다혜,수원체육관,0,3
흥국생명,2019-12-08,이재영,수원체육관,0,2
흥국생명,2019-12-08,루시아,수원체육관,0,2
흥국생명,2019-12-08,김미연,수원체육관,0,2
흥국생명,2019-12-08,김나희,수원체육관,0,2
흥국생명,2019-12-08,김세영,수원체육관,0,2
흥국생명,2019-12-08,박현주,수원체육관,0,2
흥국생명,2019-12-08,김해란,수원체육관,0,2
흥국생명,2019-12-08,신연경,수원체육관,0,2
현대건설,2019-12-10,양효진,수원체육관,0,3
현대건설,2019-12-10,헤일리,수원체육관,0,3
현대건설,2019-12-10,황민경,수원체육관,0,3
현대건설,2019-12-10,정지윤,수원체육관,0,3
현대건설,2019-12-10,고예림,수원체육관,0,3
현대건설,2019-12-10,이다영,수원체육관,0,3
현대건설,2019-12-10,이다현,수원체육관,0,3
현대건설,2019-12-10,고유민,수원체육관,0,3
현대건설,2019-12-10,김연견,수원체육관,0,3
IBK기업은행,2019-12-10,어나이,수원체육관,0,2
IBK기업은행,2019-12-10,김수지,수원체육관,0,2
IBK기업은행,2019-12-10,김주향,수원체육관,0,2
IBK기업은행,2019-12-10,표승주,수원체육관,0,2
IBK기업은행,2019-12-10,이나연,수원체육관,0,2
IBK기업은행,2019-12-10,백목화,수원체육관,0,2
IBK기업은행,2019-12-10,박상미,수원체육관,0,2
KGC인삼공사,2019-12-11,디우프,수원체육관,0,3
KGC인삼공사,2019-12-11,최은지,수원체육관,0,3
KGC인삼공사,2019-12-11,지민경,수원체육관,0,3
KGC인삼공사,2019-12-11,박은진,수원체육관,0,3
KGC인삼공사,2019-12-11,한송이,수원체육관,0,3
KGC인삼공사,2019-12-11,염혜선,수원체육관,0,3
KGC인삼공사,2019-12-11,오지영,수원체육관,0,3
GS칼텍스,2019-12-11,러츠,수원체육관,0,2
GS칼텍스,2019-12-11,강소휘,수원체육관,0,2
GS칼텍스,2019-12-11,권민지,수원체육관,0,2
GS칼텍스,2019-12-11,김유리,수원체육관,0,2
GS칼텍스,2019-12-11,한수지,수원체육관,0,2
GS칼텍스,2019-12-11,안혜진,수원체육관,0,2
GS칼텍스,2019-12-11,이현,수원체육관,0,2
GS칼텍스,2019-12-11,한다혜,수원체육관,0,2
한국도로공사,2019-12-12,박정아,수원체육관,0,3
한국도로공사,2019-12-12,유서연,수원체육관,0,3
한국도로공사,2019-12-12,문정원,수원체육관,0,3
한국도로공사,2019-12-12,정대영,수원체육관,0,3
한국도로공사,2019-12-12,하혜진,수원체육관,0,3
한국도로공사,2019-12-12,정선아,수원체육관,0,3
한국도로공사,2019-12-12,이효희,수원체육관,0,3
한국도로공사,2019-12-12,이원정,수원체육관,0,3
한국도로공사,2019-12-12,임명옥,수원체육관,0,3
흥국생명,2019-12-12,이재영,수원체육관,0,2
흥국생명,2019-12-12,김미연,수원체육관,0,2
흥국생명,2019-12-12,이주아,수원체육관,0,2
흥국생명,2019-12-12,루시아,수원체육관,0,2
흥국생명,2019-12-12,김세영,수원체육관,0,2
흥국생명,2019-12-12,조송화,수원체육관,0,2
흥국생명,2019-12-12,김다솔,수원체육관,0,2
흥국생명,2019-12-12,김해란,수원체육관,0,2
흥국생명,2019-12-12,도수빈,수원체육관,0,2
IBK기업은행,2019-12-14,표승주,수원체육관,0,3
IBK기업은행,2019-12-14,어나이,수원체육관,0,3
IBK기업은행,2019-12-14,김희진,수원체육관,0,3
IBK기업은행,2019-12-14,김주향,수원체육관,0,3
IBK기업은행,2019-12-14,김수지,수원체육관,0,3
IBK기업은행,2019-12-14,이나연,수원체육관,0,3
IBK기업은행,2019-12-14,김해빈,수원체육관,0,3
IBK기업은행,2019-12-14,전하리,수원체육관,0,3
IBK기업은행,2019-12-14,박상미,수원체육관,0,3
GS칼텍스,2019-12-14,러츠,수원체육관,0,2
GS칼텍스,2019-12-14,강소휘,수원체육관,0,2
GS칼텍스,2019-12-14,박혜민,수원체육관,0,2
GS칼텍스,2019-12-14,한수지,수원체육관,0,2
GS칼텍스,2019-12-14,김유리,수원체육관,0,2
GS칼텍스,2019-12-14,권민지,수원체육관,0,2
GS칼텍스,2019-12-14,안혜진,수원체육관,0,2
GS칼텍스,2019-12-14,김채원,수원체육관,0,2
GS칼텍스,2019-12-14,이고은,수원체육관,0,2
GS칼텍스,2019-12-14,한다혜,수원체육관,0,2
KGC인삼공사,2019-12-15,디우프,수원체육관,0,3
KGC인삼공사,2019-12-15,한송이,수원체육관,0,3
KGC인삼공사,2019-12-15,최은지,수원체육관,0,3
KGC인삼공사,2019-12-15,지민경,수원체육관,0,3
KGC인삼공사,2019-12-15,박은진,수원체육관,0,3
KGC인삼공사,2019-12-15,고의정,수원체육관,0,3
KGC인삼공사,2019-12-15,염혜선,수원체육관,0,3
KGC인삼공사,2019-12-15,노란,수원체육관,0,3
KGC인삼공사,2019-12-15,오지영,수원체육관,0,3
현대건설,2019-12-15,양효진,수원체육관,0,2
현대건설,2019-12-15,헤일리,수원체육관,0,2
현대건설,2019-12-15,정지윤,수원체육관,0,2
현대건설,2019-12-15,황민경,수원체육관,0,2
현대건설,2019-12-15,고예림,수원체육관,0,2
현대건설,2019-12-15,이다영,수원체육관,0,2
현대건설,2019-12-15,고유민,수원체육관,0,2
현대건설,2019-12-15,김연견,수원체육관,0,2
현대건설,2019-12-15,이영주,수원체육관,0,2
IBK기업은행,2019-12-17,어나이,수원체육관,0,3
IBK기업은행,2019-12-17,김주향,수원체육관,0,3
IBK기업은행,2019-12-17,육서영,수원체육관,0,3
IBK기업은행,2019-12-17,최가은,수원체육관,0,3
IBK기업은행,2019-12-17,변지수,수원체육관,0,3
IBK기업은행,2019-12-17,김하경,수원체육관,0,3
IBK기업은행,2019-12-17,박상미,수원체육관,0,3
IBK기업은행,2019-12-17,한지현,수원체육관,0,3
흥국생명,2019-12-17,루시아,수원체육관,0,2
흥국생명,2019-12-17,김미연,수원체육관,0,2
흥국생명,2019-12-17,박현주,수원체육관,0,2
흥국생명,2019-12-17,김세영,수원체육관,0,2
흥국생명,2019-12-17,김나희,수원체육관,0,2
흥국생명,2019-12-17,조송화,수원체육관,0,2
흥국생명,2019-12-17,신연경,수원체육관,0,2
한국도로공사,2019-12-18,유서연,수원체육관,0,3
한국도로공사,2019-12-18,정대영,수원체육관,0,3
한국도로공사,2019-12-18,문정원,수원체육관,0,3
한국도로공사,2019-12-18,전새얀,수원체육관,0,3
한국도로공사,2019-12-18,하혜진,수원체육관,0,3
한국도로공사,2019-12-18,최민지,수원체육관,0,3
한국도로공사,2019-12-18,이효희,수원체육관,0,3
한국도로공사,2019-12-18,이원정,수원체육관,0,3
한국도로공사,2019-12-18,이세빈,수원체육관,0,3
한국도로공사,2019-12-18,임명옥,수원체육관,0,3
KGC인삼공사,2019-12-18,디우프,수원체육관,0,2
KGC인삼공사,2019-12-18,최은지,수원체육관,0,2
KGC인삼공사,2019-12-18,고민지,수원체육관,0,2
KGC인삼공사,2019-12-18,박은진,수원체육관,0,2
KGC인삼공사,2019-12-18,정호영,수원체육관,0,2
KGC인삼공사,2019-12-18,고의정,수원체육관,0,2
KGC인삼공사,2019-12-18,하효림,수원체육관,0,2
KGC인삼공사,2019-12-18,이솔아,수원체육관,0,2
KGC인삼공사,2019-12-18,노란,수원체육관,0,2
현대건설,2019-12-19,헤일리,수원체육관,0,3
현대건설,2019-12-19,정지윤,수원체육관,0,3
현대건설,2019-12-19,황민경,수원체육관,0,3
현대건설,2019-12-19,이다현,수원체육관,0,3
현대건설,2019-12-19,고예림,수원체육관,0,3
현대건설,2019-12-19,김다인,수원체육관,0,3
현대건설,2019-12-19,김연견,수원체육관,0,3
현대건설,2019-12-19,정시영,수원체육관,0,3
GS칼텍스,2019-12-19,러츠,수원체육관,0,2
GS칼텍스,2019-12-19,박혜민,수원체육관,0,2
GS칼텍스,2019-12-19,권민지,수원체육관,0,2
GS칼텍스,2019-12-19,한수지,수원체육관,0,2
GS칼텍스,2019-12-19,김현정,수원체육관,0,2
GS칼텍스,2019-12-19,안혜진,수원체육관,0,2
GS칼텍스,2019-12-19,한다혜,수원체육관,0,2
흥국생명,2020-01-14,루시아,수원체육관,0,3
흥국생명,2020-01-14,이한비,수원체육관,0,3
흥국생명,2020-01-14,김미연,수원체육관,0,3
흥국생명,2020-01-14,김세영,수원체육관,0,3
흥국생명,2020-01-14,김나희,수원체육관,0,3
흥국생명,2020-01-14,박현주,수원체육관,0,3
흥국생명,2020-01-14,조송화,수원체육관,0,3
흥국생명,2020-01-14,신연경,수원체육관,0,3
IBK기업은행,2020-01-14,어나이,수원체육관,0,2
IBK기업은행,2020-01-14,김주향,수원체육관,0,2
IBK기업은행,2020-01-14,김현정,수원체육관,0,2
IBK기업은행,2020-01-14,백목화,수원체육관,0,2
IBK기업은행,2020-01-14,이나연,수원체육관,0,2
IBK기업은행,2020-01-14,최수빈,수원체육관,0,2
IBK기업은행,2020-01-14,한지현,수원체육관,0,2
KGC인삼공사,2020-01-15,디우프,수원체육관,0,3
KGC인삼공사,2020-01-15,최은지,수원체육관,0,3
KGC인삼공사,2020-01-15,박은진,수원체육관,0,3
KGC인삼공사,2020-01-15,고민지,수원체육관,0,3
KGC인삼공사,2020-01-15,지민경,수원체육관,0,3
KGC인삼공사,2020-01-15,한송이,수원체육관,0,3
KGC인삼공사,2020-01-15,염혜선,수원체육관,0,3
KGC인삼공사,2020-01-15,고의정,수원체육관,0,3
KGC인삼공사,2020-01-15,오지영,수원체육관,0,3
한국도로공사,2020-01-15,하혜진,수원체육관,0,2
한국도로공사,2020-01-15,박정아,수원체육관,0,2
한국도로공사,2020-01-15,문정원,수원체육관,0,2
한국도로공사,2020-01-15,정대영,수원체육관,0,2
한국도로공사,2020-01-15,배유나,수원체육관,0,2
한국도로공사,2020-01-15,이효희,수원체육관,0,2
한국도로공사,2020-01-15,이원정,수원체육관,0,2
한국도로공사,2020-01-15,유서연,수원체육관,0,2
한국도로공사,2020-01-15,전새얀,수원체육관,0,2
한국도로공사,2020-01-15,임명옥,수원체육관,0,2
GS칼텍스,2020-01-16,러츠,수원체육관,0,3
GS칼텍스,2020-01-16,강소휘,수원체육관,0,3
GS칼텍스,2020-01-16,이소영,수원체육관,0,3
GS칼텍스,2020-01-16,한수지,수원체육관,0,3
GS칼텍스,2020-01-16,이고은,수원체육관,0,3
GS칼텍스,2020-01-16,문명화,수원체육관,0,3
GS칼텍스,2020-01-16,권민지,수원체육관,0,3
GS칼텍스,2020-01-16,안혜진,수원체육관,0,3
GS칼텍스,2020-01-16,이현,수원체육관,0,3
GS칼텍스,2020-01-16,한다혜,수원체육관,0,3
현대건설,2020-01-16,헤일리,수원체육관,0,2
현대건설,2020-01-16,양효진,수원체육관,0,2
현대건설,2020-01-16,황민경,수원체육관,0,2
현대건설,2020-01-16,고예림,수원체육관,0,2
현대건설,2020-01-16,정지윤,수원체육관,0,2
현대건설,2020-01-16,이다영,수원체육관,0,2
현대건설,2020-01-16,고유민,수원체육관,0,2
현대건설,2020-01-16,김연견,수원체육관,0,2
한국도로공사,2020-01-18,박정아,수원체육관,0,3
한국도로공사,2020-01-18,산체스,수원체육관,0,3
한국도로공사,2020-01-18,문정원,수원체육관,0,3
한국도로공사,2020-01-18,정대영,수원체육관,0,3
한국도로공사,2020-01-18,배유나,수원체육관,0,3
한국도로공사,2020-01-18,이효희,수원체육관,0,3
한국도로공사,2020-01-18,이원정,수원체육관,0,3
한국도로공사,2020-01-18,전새얀,수원체육관,0,3
한국도로공사,2020-01-18,유서연,수원체육관,0,3
한국도로공사,2020-01-18,이세빈,수원체육관,0,3
한국도로공사,2020-01-18,임명옥,수원체육관,0,3
흥국생명,2020-01-18,루시아,수원체육관,0,2
흥국생명,2020-01-18,김미연,수원체육관,0,2
흥국생명,2020-01-18,박현주,수원체육관,0,2
흥국생명,2020-01-18,김세영,수원체육관,0,2
흥국생명,2020-01-18,이주아,수원체육관,0,2
흥국생명,2020-01-18,김채연,수원체육관,0,2
흥국생명,2020-01-18,조송화,수원체육관,0,2
흥국생명,2020-01-18,김해란,수원체육관,0,2
흥국생명,2020-01-18,도수빈,수원체육관,0,2
흥국생명,2020-01-18,신연경,수원체육관,0,2
IBK기업은행,2020-01-19,어나이,수원체육관,0,3
IBK기업은행,2020-01-19,표승주,수원체육관,0,3
IBK기업은행,2020-01-19,김수지,수원체육관,0,3
IBK기업은행,2020-01-19,김주향,수원체육관,0,3
IBK기업은행,2020-01-19,김현정,수원체육관,0,3
IBK기업은행,2020-01-19,이나연,수원체육관,0,3
IBK기업은행,2020-01-19,박민지,수원체육관,0,3
IBK기업은행,2020-01-19,박상미,수원체육관,0,3
IBK기업은행,2020-01-19,최수빈,수원체육관,0,3
IBK기업은행,2020-01-19,한지현,수원체육관,0,3
현대건설,2020-01-19,고예림,수원체육관,0,2
현대건설,2020-01-19,양효진,수원체육관,0,2
현대건설,2020-01-19,헤일리,수원체육관,0,2
현대건설,2020-01-19,정지윤,수원체육관,0,2
현대건설,2020-01-19,황민경,수원체육관,0,2
현대건설,2020-01-19,이다영,수원체육관,0,2
현대건설,2020-01-19,김연견,수원체육관,0,2
흥국생명,2020-01-21,루시아,수원체육관,0,3
흥국생명,2020-01-21,김세영,수원체육관,0,3
흥국생명,2020-01-21,이한비,수원체육관,0,3
흥국생명,2020-01-21,박현주,수원체육관,0,3
흥국생명,2020-01-21,이주아,수원체육관,0,3
흥국생명,2020-01-21,김미연,수원체육관,0,3
흥국생명,2020-01-21,조송화,수원체육관,0,3
흥국생명,2020-01-21,김해란,수원체육관,0,3
흥국생명,2020-01-21,신연경,수원체육관,0,3
GS칼텍스,2020-01-21,러츠,수원체육관,0,2
GS칼텍스,2020-01-21,강소휘,수원체육관,0,2
GS칼텍스,2020-01-21,이소영,수원체육관,0,2
GS칼텍스,2020-01-21,한수지,수원체육관,0,2
GS칼텍스,2020-01-21,권민지,수원체육관,0,2
GS칼텍스,2020-01-21,김유리,수원체육관,0,2
GS칼텍스,2020-01-21,문명화,수원체육관,0,2
GS칼텍스,2020-01-21,이고은,수원체육관,0,2
GS칼텍스,2020-01-21,김해빈,수원체육관,0,2
GS칼텍스,2020-01-21,이현,수원체육관,0,2
GS칼텍스,2020-01-21,한다혜,수원체육관,0,2
한국도로공사,2020-01-22,박정아,수원체육관,0,3
한국도로공사,2020-01-22,문정원,수원체육관,0,3
한국도로공사,2020-01-22,정대영,수원체육관,0,3
한국도로공사,2020-01-22,산체스,수원체육관,0,3
한국도로공사,2020-01-22,배유나,수원체육관,0,3
한국도로공사,2020-01-22,유서연,수원체육관,0,3
한국도로공사,2020-01-22,정선아,수원체육관,0,3
한국도로공사,2020-01-22,전새얀,수원체육관,0,3
한국도로공사,2020-01-22,이원정,수원체육관,0,3
한국도로공사,2020-01-22,이효희,수원체육관,0,3
한국도로공사,2020-01-22,임명옥,수원체육관,0,3
IBK기업은행,2020-01-22,어나이,수원체육관,0,2
IBK기업은행,2020-01-22,표승주,수원체육관,0,2
IBK기업은행,2020-01-22,김주향,수원체육관,0,2
IBK기업은행,2020-01-22,김수지,수원체육관,0,2
IBK기업은행,2020-01-22,김현정,수원체육관,0,2
IBK기업은행,2020-01-22,박민지,수원체육관,0,2
IBK기업은행,2020-01-22,이나연,수원체육관,0,2
IBK기업은행,2020-01-22,박상미,수원체육관,0,2
IBK기업은행,2020-01-22,백목화,수원체육관,0,2
IBK기업은행,2020-01-22,최수빈,수원체육관,0,2
IBK기업은행,2020-01-22,한지현,수원체육관,0,2
현대건설,2020-01-23,양효진,수원체육관,0,3
현대건설,2020-01-23,정지윤,수원체육관,0,3
현대건설,2020-01-23,황민경,수원체육관,0,3
현대건설,2020-01-23,헤일리,수원체육관,0,3
현대건설,2020-01-23,고예림,수원체육관,0,3
현대건설,2020-01-23,이다영,수원체육관,0,3
현대건설,2020-01-23,김연견,수원체육관,0,3
현대건설,2020-01-23,이다현,수원체육관,0,3
현대건설,2020-01-23,이영주,수원체육관,0,3
KGC인삼공사,2020-01-23,디우프,수원체육관,0,2
KGC인삼공사,2020-01-23,한송이,수원체육관,0,2
KGC인삼공사,2020-01-23,박은진,수원체육관,0,2
KGC인삼공사,2020-01-23,최은지,수원체육관,0,2
KGC인삼공사,2020-01-23,고민지,수원체육관,0,2
KGC인삼공사,2020-01-23,염혜선,수원체육관,0,2
KGC인삼공사,2020-01-23,고의정,수원체육관,0,2
KGC인삼공사,2020-01-23,노란,수원체육관,0,2
KGC인삼공사,2020-01-23,오지영,수원체육관,0,2
KGC인삼공사,2020-01-23,이솔아,수원체육관,0,2
GS칼텍스,2020-01-25,러츠,수원체육관,0,3
GS칼텍스,2020-01-25,강소휘,수원체육관,0,3
GS칼텍스,2020-01-25,이소영,수원체육관,0,3
GS칼텍스,2020-01-25,한수지,수원체육관,0,3
GS칼텍스,2020-01-25,김유리,수원체육관,0,3
GS칼텍스,2020-01-25,권민지,수원체육관,0,3
GS칼텍스,2020-01-25,이고은,수원체육관,0,3
GS칼텍스,2020-01-25,안혜진,수원체육관,0,3
GS칼텍스,2020-01-25,문명화,수원체육관,0,3
GS칼텍스,2020-01-25,한다혜,수원체육관,0,3
GS칼텍스,2020-01-25,김해빈,수원체육관,0,3
GS칼텍스,2020-01-25,이현,수원체육관,0,3
한국도로공사,2020-01-25,박정아,수원체육관,0,2
한국도로공사,2020-01-25,하혜진,수원체육관,0,2
한국도로공사,2020-01-25,산체스,수원체육관,0,2
한국도로공사,2020-01-25,문정원,수원체육관,0,2
한국도로공사,2020-01-25,정대영,수원체육관,0,2
한국도로공사,2020-01-25,정선아,수원체육관,0,2
한국도로공사,2020-01-25,배유나,수원체육관,0,2
한국도로공사,2020-01-25,이효희,수원체육관,0,2
한국도로공사,2020-01-25,유서연,수원체육관,0,2
한국도로공사,2020-01-25,임명옥,수원체육관,0,2
KGC인삼공사,2020-01-26,디우프,수원체육관,0,3
KGC인삼공사,2020-01-26,한송이,수원체육관,0,3
KGC인삼공사,2020-01-26,고민지,수원체육관,0,3
KGC인삼공사,2020-01-26,이예솔,수원체육관,0,3
KGC인삼공사,2020-01-26,박은진,수원체육관,0,3
KGC인삼공사,2020-01-26,염혜선,수원체육관,0,3
KGC인삼공사,2020-01-26,고의정,수원체육관,0,3
KGC인삼공사,2020-01-26,오지영,수원체육관,0,3
IBK기업은행,2020-01-26,어나이,수원체육관,0,2
IBK기업은행,2020-01-26,김주향,수원체육관,0,2
IBK기업은행,2020-01-26,표승주,수원체육관,0,2
IBK기업은행,2020-01-26,김수지,수원체육관,0,2
IBK기업은행,2020-01-26,김현정,수원체육관,0,2
IBK기업은행,2020-01-26,이나연,수원체육관,0,2
IBK기업은행,2020-01-26,박민지,수원체육관,0,2
IBK기업은행,2020-01-26,박상미,수원체육관,0,2
IBK기업은행,2020-01-26,백목화,수원체육관,0,2
IBK기업은행,2020-01-26,최수빈,수원체육관,0,2
IBK기업은행,2020-01-26,한지현,수원체육관,0,2
현대건설,2020-01-27,헤일리,수원체육관,0,3
현대건설,2020-01-27,양효진,수원체육관,0,3
현대건설,2020-01-27,정지윤,수원체육관,0,3
현대건설,2020-01-27,황민경,수원체육관,0,3
현대건설,2020-01-27,이다영,수원체육관,0,3
현대건설,2020-01-27,이다현,수원체육관,0,3
현대건설,2020-01-27,고예림,수원체육관,0,3
현대건설,2020-01-27,고유민,수원체육관,0,3
현대건설,2020-01-27,김연견,수원체육관,0,3
흥국생명,2020-01-27,루시아,수원체육관,0,2
흥국생명,2020-01-27,김미연,수원체육관,0,2
흥국생명,2020-01-27,이주아,수원체육관,0,2
흥국생명,2020-01-27,이한비,수원체육관,0,2
흥국생명,2020-01-27,김세영,수원체육관,0,2
흥국생명,2020-01-27,조송화,수원체육관,0,2
흥국생명,2020-01-27,박현주,수원체육관,0,2
흥국생명,2020-01-27,김해란,수원체육관,0,2
흥국생명,2020-01-27,신연경,수원체육관,0,2
GS칼텍스,2020-01-29,러츠,수원체육관,0,3
GS칼텍스,2020-01-29,이소영,수원체육관,0,3
GS칼텍스,2020-01-29,강소휘,수원체육관,0,3
GS칼텍스,2020-01-29,한수지,수원체육관,0,3
GS칼텍스,2020-01-29,김유리,수원체육관,0,3
GS칼텍스,2020-01-29,문명화,수원체육관,0,3
GS칼텍스,2020-01-29,김해빈,수원체육관,0,3
GS칼텍스,2020-01-29,이현,수원체육관,0,3
GS칼텍스,2020-01-29,한다혜,수원체육관,0,3
KGC인삼공사,2020-01-29,디우프,수원체육관,0,2
KGC인삼공사,2020-01-29,한송이,수원체육관,0,2
KGC인삼공사,2020-01-29,최은지,수원체육관,0,2
KGC인삼공사,2020-01-29,박은진,수원체육관,0,2
KGC인삼공사,2020-01-29,염혜선,수원체육관,0,2
KGC인삼공사,2020-01-29,오지영,수원체육관,0,2
현대건설,2020-01-30,양효진,수원체육관,0,3
현대건설,2020-01-30,헤일리,수원체육관,0,3
현대건설,2020-01-30,고예림,수원체육관,0,3
현대건설,2020-01-30,황민경,수원체육관,0,3
현대건설,2020-01-30,이다현,수원체육관,0,3
현대건설,2020-01-30,정지윤,수원체육관,0,3
현대건설,2020-01-30,이다영,수원체육관,0,3
현대건설,2020-01-30,김연견,수원체육관,0,3
한국도로공사,2020-01-30,박정아,수원체육관,0,2
한국도로공사,2020-01-30,정대영,수원체육관,0,2
한국도로공사,2020-01-30,문정원,수원체육관,0,2
한국도로공사,2020-01-30,이원정,수원체육관,0,2
한국도로공사,2020-01-30,임명옥,수원체육관,0,2
흥국생명,2020-02-01,루시아,수원체육관,0,3
흥국생명,2020-02-01,김미연,수원체육관,0,3
흥국생명,2020-02-01,박현주,수원체육관,0,3
흥국생명,2020-02-01,김세영,수원체육관,0,3
흥국생명,2020-02-01,이주아,수원체육관,0,3
흥국생명,2020-02-01,이한비,수원체육관,0,3
흥국생명,2020-02-01,조송화,수원체육관,0,3
흥국생명,2020-02-01,김해란,수원체육관,0,3
흥국생명,2020-02-01,도수빈,수원체육관,0,3
흥국생명,2020-02-01,신연경,수원체육관,0,3
KGC인삼공사,2020-02-01,디우프,수원체육관,0,2
KGC인삼공사,2020-02-01,고민지,수원체육관,0,2
KGC인삼공사,2020-02-01,최은지,수원체육관,0,2
KGC인삼공사,2020-02-01,지민경,수원체육관,0,2
KGC인삼공사,2020-02-01,박은진,수원체육관,0,2
KGC인삼공사,2020-02-01,한송이,수원체육관,0,2
KGC인삼공사,2020-02-01,염혜선,수원체육관,0,2
KGC인삼공사,2020-02-01,노란,수원체육관,0,2
KGC인삼공사,2020-02-01,오지영,수원체육관,0,2
GS칼텍스,2020-02-02,러츠,수원체육관,0,3
GS칼텍스,2020-02-02,이소영,수원체육관,0,3
GS칼텍스,2020-02-02,강소휘,수원체육관,0,3
GS칼텍스,2020-02-02,문지윤,수원체육관,0,3
GS칼텍스,2020-02-02,한수지,수원체육관,0,3
GS칼텍스,2020-02-02,이고은,수원체육관,0,3
GS칼텍스,2020-02-02,김해빈,수원체육관,0,3
GS칼텍스,2020-02-02,안혜진,수원체육관,0,3
GS칼텍스,2020-02-02,한다혜,수원체육관,0,3
IBK기업은행,2020-02-02,어나이,수원체육관,0,2
IBK기업은행,2020-02-02,김주향,수원체육관,0,2
IBK기업은행,2020-02-02,김수지,수원체육관,0,2
IBK기업은행,2020-02-02,표승주,수원체육관,0,2
IBK기업은행,2020-02-02,김현정,수원체육관,0,2
IBK기업은행,2020-02-02,이나연,수원체육관,0,2
IBK기업은행,2020-02-02,박민지,수원체육관,0,2
IBK기업은행,2020-02-02,박상미,수원체육관,0,2
IBK기업은행,2020-02-02,백목화,수원체육관,0,2
IBK기업은행,2020-02-02,최수빈,수원체육관,0,2
IBK기업은행,2020-02-02,한지현,수원체육관,0,2
흥국생명,2020-02-04,루시아,수원체육관,0,3
흥국생명,2020-02-04,이주아,수원체육관,0,3
흥국생명,2020-02-04,김미연,수원체육관,0,3
흥국생명,2020-02-04,김세영,수원체육관,0,3
흥국생명,2020-02-04,이한비,수원체육관,0,3
흥국생명,2020-02-04,조송화,수원체육관,0,3
흥국생명,2020-02-04,김해란,수원체육관,0,3
흥국생명,2020-02-04,신연경,수원체육관,0,3
현대건설,2020-02-04,양효진,수원체육관,0,2
현대건설,2020-02-04,헤일리,수원체육관,0,2
현대건설,2020-02-04,황민경,수원체육관,0,2
현대건설,2020-02-04,고예림,수원체육관,0,2
현대건설,2020-02-04,이다현,수원체육관,0,2
현대건설,2020-02-04,이다영,수원체육관,0,2
현대건설,2020-02-04,고유민,수원체육관,0,2
현대건설,2020-02-04,정지윤,수원체육관,0,2
현대건설,2020-02-04,김연견,수원체육관,0,2
IBK기업은행,2020-02-05,어나이,수원체육관,0,3
IBK기업은행,2020-02-05,표승주,수원체육관,0,3
IBK기업은행,2020-02-05,백목화,수원체육관,0,3
IBK기업은행,2020-02-05,김수지,수원체육관,0,3
IBK기업은행,2020-02-05,김현정,수원체육관,0,3
IBK기업은행,2020-02-05,박민지,수원체육관,0,3
IBK기업은행,2020-02-05,이나연,수원체육관,0,3
IBK기업은행,2020-02-05,박상미,수원체육관,0,3
IBK기업은행,2020-02-05,최수빈,수원체육관,0,3
IBK기업은행,2020-02-05,한지현,수원체육관,0,3
GS칼텍스,2020-02-05,러츠,수원체육관,0,2
GS칼텍스,2020-02-05,강소휘,수원체육관,0,2
GS칼텍스,2020-02-05,이소영,수원체육관,0,2
GS칼텍스,2020-02-05,한수지,수원체육관,0,2
GS칼텍스,2020-02-05,문지윤,수원체육관,0,2
GS칼텍스,2020-02-05,이현,수원체육관,0,2
GS칼텍스,2020-02-05,이고은,수원체육관,0,2
GS칼텍스,2020-02-05,김해빈,수원체육관,0,2
GS칼텍스,2020-02-05,안혜진,수원체육관,0,2
GS칼텍스,2020-02-05,한다혜,수원체육관,0,2
한국도로공사,2020-02-06,박정아,수원체육관,0,3
한국도로공사,2020-02-06,산체스,수원체육관,0,3
한국도로공사,2020-02-06,문정원,수원체육관,0,3
한국도로공사,2020-02-06,유서연,수원체육관,0,3
한국도로공사,2020-02-06,정대영,수원체육관,0,3
한국도로공사,2020-02-06,전새얀,수원체육관,0,3
한국도로공사,2020-02-06,하혜진,수원체육관,0,3
한국도로공사,2020-02-06,이효희,수원체육관,0,3
한국도로공사,2020-02-06,임명옥,수원체육관,0,3
KGC인삼공사,2020-02-06,디우프,수원체육관,0,2
KGC인삼공사,2020-02-06,고민지,수원체육관,0,2
KGC인삼공사,2020-02-06,지민경,수원체육관,0,2
KGC인삼공사,2020-02-06,박은진,수원체육관,0,2
KGC인삼공사,2020-02-06,한송이,수원체육관,0,2
KGC인삼공사,2020-02-06,염혜선,수원체육관,0,2
KGC인삼공사,2020-02-06,고의정,수원체육관,0,2
KGC인삼공사,2020-02-06,노란,수원체육관,0,2
KGC인삼공사,2020-02-06,오지영,수원체육관,0,2
IBK기업은행,2020-02-08,어나이,수원체육관,0,3
IBK기업은행,2020-02-08,백목화,수원체육관,0,3
IBK기업은행,2020-02-08,표승주,수원체육관,0,3
IBK기업은행,2020-02-08,김수지,수원체육관,0,3
IBK기업은행,2020-02-08,김주향,수원체육관,0,3
IBK기업은행,2020-02-08,김현정,수원체육관,0,3
IBK기업은행,2020-02-08,이나연,수원체육관,0,3
IBK기업은행,2020-02-08,박민지,수원체육관,0,3
IBK기업은행,2020-02-08,박상미,수원체육관,0,3
IBK기업은행,2020-02-08,최수빈,수원체육관,0,3
IBK기업은행,2020-02-08,한지현,수원체육관,0,3
흥국생명,2020-02-08,김미연,수원체육관,0,2
흥국생명,2020-02-08,김다은,수원체육관,0,2
흥국생명,2020-02-08,박현주,수원체육관,0,2
흥국생명,2020-02-08,이주아,수원체육관,0,2
흥국생명,2020-02-08,김세영,수원체육관,0,2
흥국생명,2020-02-08,조송화,수원체육관,0,2
흥국생명,2020-02-08,김해란,수원체육관,0,2
흥국생명,2020-02-08,도수빈,수원체육관,0,2
KGC인삼공사,2020-02-09,디우프,수원체육관,0,3
KGC인삼공사,2020-02-09,한송이,수원체육관,0,3
KGC인삼공사,2020-02-09,최은지,수원체육관,0,3
KGC인삼공사,2020-02-09,고민지,수원체육관,0,3
KGC인삼공사,2020-02-09,지민경,수원체육관,0,3
KGC인삼공사,2020-02-09,박은진,수원체육관,0,3
KGC인삼공사,2020-02-09,염혜선,수원체육관,0,3
KGC인삼공사,2020-02-09,고의정,수원체육관,0,3
KGC인삼공사,2020-02-09,노란,수원체육관,0,3
KGC인삼공사,2020-02-09,오지영,수원체육관,0,3
GS칼텍스,2020-02-09,러츠,수원체육관,0,2
GS칼텍스,2020-02-09,강소휘,수원체육관,0,2
GS칼텍스,2020-02-09,이소영,수원체육관,0,2
GS칼텍스,2020-02-09,권민지,수원체육관,0,2
GS칼텍스,2020-02-09,한수지,수원체육관,0,2
GS칼텍스,2020-02-09,이고은,수원체육관,0,2
GS칼텍스,2020-02-09,안혜진,수원체육관,0,2
GS칼텍스,2020-02-09,김해빈,수원체육관,0,2
GS칼텍스,2020-02-09,이현,수원체육관,0,2
GS칼텍스,2020-02-09,한다혜,수원체육관,0,2
GS칼텍스,2020-02-09,한수진,수원체육관,0,2
현대건설,2020-02-11,헤일리,수원체육관,0,3
현대건설,2020-02-11,양효진,수원체육관,0,3
현대건설,2020-02-11,황민경,수원체육관,0,3
현대건설,2020-02-11,고예림,수원체육관,0,3
현대건설,2020-02-11,정지윤,수원체육관,0,3
현대건설,2020-02-11,이다영,수원체육관,0,3
현대건설,2020-02-11,고유민,수원체육관,0,3
현대건설,2020-02-11,이다현,수원체육관,0,3
현대건설,2020-02-11,정시영,수원체육관,0,3
한국도로공사,2020-02-11,박정아,수원체육관,0,2
한국도로공사,2020-02-11,하혜진,수원체육관,0,2
한국도로공사,2020-02-11,산체스,수원체육관,0,2
한국도로공사,2020-02-11,정대영,수원체육관,0,2
한국도로공사,2020-02-11,문정원,수원체육관,0,2
한국도로공사,2020-02-11,유서연,수원체육관,0,2
한국도로공사,2020-02-11,이원정,수원체육관,0,2
한국도로공사,2020-02-11,이효희,수원체육관,0,2
한국도로공사,2020-02-11,임명옥,수원체육관,0,2
IBK기업은행,2020-02-12,어나이,수원체육관,0,3
IBK기업은행,2020-02-12,김주향,수원체육관,0,3
IBK기업은행,2020-02-12,김수지,수원체육관,0,3
IBK기업은행,2020-02-12,김현정,수원체육관,0,3
IBK기업은행,2020-02-12,표승주,수원체육관,0,3
IBK기업은행,2020-02-12,최수빈,수원체육관,0,3
IBK기업은행,2020-02-12,백목화,수원체육관,0,3
IBK기업은행,2020-02-12,이나연,수원체육관,0,3
IBK기업은행,2020-02-12,박민지,수원체육관,0,3
IBK기업은행,2020-02-12,한지현,수원체육관,0,3
KGC인삼공사,2020-02-12,디우프,수원체육관,0,2
KGC인삼공사,2020-02-12,한송이,수원체육관,0,2
KGC인삼공사,2020-02-12,최은지,수원체육관,0,2
KGC인삼공사,2020-02-12,박은진,수원체육관,0,2
KGC인삼공사,2020-02-12,염혜선,수원체육관,0,2
KGC인삼공사,2020-02-12,오지영,수원체육관,0,2
GS칼텍스,2020-02-13,러츠,수원체육관,0,3
GS칼텍스,2020-02-13,이소영,수원체육관,0,3
GS칼텍스,2020-02-13,강소휘,수원체육관,0,3
GS칼텍스,2020-02-13,한수지,수원체육관,0,3
GS칼텍스,2020-02-13,김유리,수원체육관,0,3
GS칼텍스,2020-02-13,안혜진,수원체육관,0,3
GS칼텍스,2020-02-13,김해빈,수원체육관,0,3
GS칼텍스,2020-02-13,이현,수원체육관,0,3
GS칼텍스,2020-02-13,한다혜,수원체육관,0,3
흥국생명,2020-02-13,김미연,수원체육관,0,2
흥국생명,2020-02-13,김다은,수원체육관,0,2
흥국생명,2020-02-13,박현주,수원체육관,0,2
흥국생명,2020-02-13,이주아,수원체육관,0,2
흥국생명,2020-02-13,김채연,수원체육관,0,2
흥국생명,2020-02-13,김세영,수원체육관,0,2
흥국생명,2020-02-13,조송화,수원체육관,0,2
흥국생명,2020-02-13,도수빈,수원체육관,0,2
흥국생명,2020-02-13,신연경,수원체육관,0,2
현대건설,2020-02-15,헤일리,수원체육관,0,3
현대건설,2020-02-15,정지윤,수원체육관,0,3
현대건설,2020-02-15,양효진,수원체육관,0,3
현대건설,2020-02-15,고예림,수원체육관,0,3
현대건설,2020-02-15,황민경,수원체육관,0,3
현대건설,2020-02-15,이다영,수원체육관,0,3
현대건설,2020-02-15,정시영,수원체육관,0,3
현대건설,2020-02-15,고유민,수원체육관,0,3
현대건설,2020-02-15,이영주,수원체육관,0,3
KGC인삼공사,2020-02-15,디우프,수원체육관,0,2
KGC인삼공사,2020-02-15,한송이,수원체육관,0,2
KGC인삼공사,2020-02-15,박은진,수원체육관,0,2
KGC인삼공사,2020-02-15,최은지,수원체육관,0,2
KGC인삼공사,2020-02-15,지민경,수원체육관,0,2
KGC인삼공사,2020-02-15,고의정,수원체육관,0,2
KGC인삼공사,2020-02-15,염혜선,수원체육관,0,2
KGC인삼공사,2020-02-15,노란,수원체육관,0,2
KGC인삼공사,2020-02-15,이솔아,수원체육관,0,2
흥국생명,2020-02-16,루시아,수원체육관,0,3
흥국생명,2020-02-16,박현주,수원체육관,0,3
흥국생명,2020-02-16,김미연,수원체육관,0,3
흥국생명,2020-02-16,이주아,수원체육관,0,3
흥국생명,2020-02-16,이한비,수원체육관,0,3
흥국생명,2020-02-16,김세영,수원체육관,0,3
흥국생명,2020-02-16,조송화,수원체육관,0,3
흥국생명,2020-02-16,김해란,수원체육관,0,3
흥국생명,2020-02-16,도수빈,수원체육관,0,3
흥국생명,2020-02-16,신연경,수원체육관,0,3
한국도로공사,2020-02-16,박정아,수원체육관,0,2
한국도로공사,2020-02-16,산체스,수원체육관,0,2
한국도로공사,2020-02-16,전새얀,수원체육관,0,2
한국도로공사,2020-02-16,문정원,수원체육관,0,2
한국도로공사,2020-02-16,정대영,수원체육관,0,2
한국도로공사,2020-02-16,유서연,수원체육관,0,2
한국도로공사,2020-02-16,정선아,수원체육관,0,2
한국도로공사,2020-02-16,이효희,수원체육관,0,2
한국도로공사,2020-02-16,이원정,수원체육관,0,2
한국도로공사,2020-02-16,임명옥,수원체육관,0,2
현대건설,2020-02-18,정지윤,수원체육관,0,3
현대건설,2020-02-18,헤일리,수원체육관,0,3
현대건설,2020-02-18,양효진,수원체육관,0,3
현대건설,2020-02-18,황민경,수원체육관,0,3
현대건설,2020-02-18,이다영,수원체육관,0,3
현대건설,2020-02-18,고예림,수원체육관,0,3
현대건설,2020-02-18,이영주,수원체육관,0,3
현대건설,2020-02-18,정시영,수원체육관,0,3
IBK기업은행,2020-02-18,어나이,수원체육관,0,2
IBK기업은행,2020-02-18,표승주,수원체육관,0,2
IBK기업은행,2020-02-18,김수지,수원체육관,0,2
IBK기업은행,2020-02-18,백목화,수원체육관,0,2
IBK기업은행,2020-02-18,김현정,수원체육관,0,2
IBK기업은행,2020-02-18,김희진,수원체육관,0,2
IBK기업은행,2020-02-18,이나연,수원체육관,0,2
IBK기업은행,2020-02-18,박상미,수원체육관,0,2
IBK기업은행,2020-02-18,최수빈,수원체육관,0,2
IBK기업은행,2020-02-18,한지현,수원체육관,0,2
한국도로공사,2020-02-19,하혜진,수원체육관,0,3
한국도로공사,2020-02-19,유서연,수원체육관,0,3
한국도로공사,2020-02-19,정선아,수원체육관,0,3
한국도로공사,2020-02-19,문정원,수원체육관,0,3
한국도로공사,2020-02-19,전새얀,수원체육관,0,3
한국도로공사,2020-02-19,이원정,수원체육관,0,3
한국도로공사,2020-02-19,임명옥,수원체육관,0,3
GS칼텍스,2020-02-19,러츠,수원체육관,0,2
GS칼텍스,2020-02-19,강소휘,수원체육관,0,2
GS칼텍스,2020-02-19,이소영,수원체육관,0,2
GS칼텍스,2020-02-19,한수지,수원체육관,0,2
GS칼텍스,2020-02-19,김해빈,수원체육관,0,2
GS칼텍스,2020-02-19,안혜진,수원체육관,0,2
GS칼텍스,2020-02-19,한다혜,수원체육관,0,2
흥국생명,2020-02-20,이재영,수원체육관,0,3
흥국생명,2020-02-20,루시아,수원체육관,0,3
흥국생명,2020-02-20,김세영,수원체육관,0,3
흥국생명,2020-02-20,김미연,수원체육관,0,3
흥국생명,2020-02-20,이주아,수원체육관,0,3
흥국생명,2020-02-20,박현주,수원체육관,0,3
흥국생명,2020-02-20,조송화,수원체육관,0,3
흥국생명,2020-02-20,김해란,수원체육관,0,3
흥국생명,2020-02-20,신연경,수원체육관,0,3
KGC인삼공사,2020-02-20,디우프,수원체육관,0,2
KGC인삼공사,2020-02-20,최은지,수원체육관,0,2
KGC인삼공사,2020-02-20,한송이,수원체육관,0,2
KGC인삼공사,2020-02-20,고민지,수원체육관,0,2
KGC인삼공사,2020-02-20,박은진,수원체육관,0,2
KGC인삼공사,2020-02-20,염혜선,수원체육관,0,2
KGC인삼공사,2020-02-20,오지영,수원체육관,0,2
IBK기업은행,2020-02-22,어나이,수원체육관,0,3
IBK기업은행,2020-02-22,김희진,수원체육관,0,3
IBK기업은행,2020-02-22,표승주,수원체육관,0,3
IBK기업은행,2020-02-22,변지수,수원체육관,0,3
IBK기업은행,2020-02-22,이나연,수원체육관,0,3
IBK기업은행,2020-02-22,김수지,수원체육관,0,3
IBK기업은행,2020-02-22,최수빈,수원체육관,0,3
IBK기업은행,2020-02-22,한지현,수원체육관,0,3
한국도로공사,2020-02-22,유서연,수원체육관,0,2
한국도로공사,2020-02-22,박정아,수원체육관,0,2
한국도로공사,2020-02-22,하혜진,수원체육관,0,2
한국도로공사,2020-02-22,정대영,수원체육관,0,2
한국도로공사,2020-02-22,문정원,수원체육관,0,2
한국도로공사,2020-02-22,이효희,수원체육관,0,2
한국도로공사,2020-02-22,정선아,수원체육관,0,2
한국도로공사,2020-02-22,임명옥,수원체육관,0,2
GS칼텍스,2020-02-23,러츠,수원체육관,0,3
GS칼텍스,2020-02-23,강소휘,수원체육관,0,3
GS칼텍스,2020-02-23,이소영,수원체육관,0,3
GS칼텍스,2020-02-23,한수지,수원체육관,0,3
GS칼텍스,2020-02-23,권민지,수원체육관,0,3
GS칼텍스,2020-02-23,안혜진,수원체육관,0,3
GS칼텍스,2020-02-23,김해빈,수원체육관,0,3
GS칼텍스,2020-02-23,문명화,수원체육관,0,3
GS칼텍스,2020-02-23,이현,수원체육관,0,3
GS칼텍스,2020-02-23,한다혜,수원체육관,0,3
현대건설,2020-02-23,헤일리,수원체육관,0,2
현대건설,2020-02-23,양효진,수원체육관,0,2
현대건설,2020-02-23,정지윤,수원체육관,0,2
현대건설,2020-02-23,고예림,수원체육관,0,2
현대건설,2020-02-23,황민경,수원체육관,0,2
현대건설,2020-02-23,이다영,수원체육관,0,2
현대건설,2020-02-23,고유민,수원체육관,0,2
현대건설,2020-02-23,이영주,수원체육관,0,2
KGC인삼공사,2020-02-25,디우프,수원체육관,0,3
KGC인삼공사,2020-02-25,한송이,수원체육관,0,3
KGC인삼공사,2020-02-25,최은지,수원체육관,0,3
KGC인삼공사,2020-02-25,박은진,수원체육관,0,3
KGC인삼공사,2020-02-25,고민지,수원체육관,0,3
KGC인삼공사,2020-02-25,염혜선,수원체육관,0,3
KGC인삼공사,2020-02-25,고의정,수원체육관,0,3
KGC인삼공사,2020-02-25,노란,수원체육관,0,3
KGC인삼공사,2020-02-25,오지영,수원체육관,0,3
IBK기업은행,2020-02-25,김희진,수원체육관,0,2
IBK기업은행,2020-02-25,어나이,수원체육관,0,2
IBK기업은행,2020-02-25,김수지,수원체육관,0,2
IBK기업은행,2020-02-25,표승주,수원체육관,0,2
IBK기업은행,2020-02-25,변지수,수원체육관,0,2
IBK기업은행,2020-02-25,이나연,수원체육관,0,2
IBK기업은행,2020-02-25,백목화,수원체육관,0,2
IBK기업은행,2020-02-25,최수빈,수원체육관,0,2
IBK기업은행,2020-02-25,한지현,수원체육관,0,2
현대건설,2020-02-26,헤일리,수원체육관,0,3
현대건설,2020-02-26,고예림,수원체육관,0,3
현대건설,2020-02-26,정지윤,수원체육관,0,3
현대건설,2020-02-26,황민경,수원체육관,0,3
현대건설,2020-02-26,양효진,수원체육관,0,3
현대건설,2020-02-26,이다영,수원체육관,0,3
현대건설,2020-02-26,이영주,수원체육관,0,3
흥국생명,2020-02-26,루시아,수원체육관,0,2
흥국생명,2020-02-26,이재영,수원체육관,0,2
흥국생명,2020-02-26,이주아,수원체육관,0,2
흥국생명,2020-02-26,박현주,수원체육관,0,2
흥국생명,2020-02-26,김미연,수원체육관,0,2
흥국생명,2020-02-26,조송화,수원체육관,0,2
흥국생명,2020-02-26,김세영,수원체육관,0,2
흥국생명,2020-02-26,김해란,수원체육관,0,2
한국도로공사,2020-02-27,산체스,수원체육관,0,3
한국도로공사,2020-02-27,박정아,수원체육관,0,3
한국도로공사,2020-02-27,정대영,수원체육관,0,3
한국도로공사,2020-02-27,유서연,수원체육관,0,3
한국도로공사,2020-02-27,정선아,수원체육관,0,3
한국도로공사,2020-02-27,문정원,수원체육관,0,3
한국도로공사,2020-02-27,이원정,수원체육관,0,3
한국도로공사,2020-02-27,이효희,수원체육관,0,3
한국도로공사,2020-02-27,임명옥,수원체육관,0,3
GS칼텍스,2020-02-27,러츠,수원체육관,0,2
GS칼텍스,2020-02-27,강소휘,수원체육관,0,2
GS칼텍스,2020-02-27,이소영,수원체육관,0,2
GS칼텍스,2020-02-27,권민지,수원체육관,0,2
GS칼텍스,2020-02-27,한수지,수원체육관,0,2
GS칼텍스,2020-02-27,이고은,수원체육관,0,2
GS칼텍스,2020-02-27,문명화,수원체육관,0,2
GS칼텍스,2020-02-27,안혜진,수원체육관,0,2
GS칼텍스,2020-02-27,김해빈,수원체육관,0,2
GS칼텍스,2020-02-27,한다혜,수원체육관,0,2
흥국생명,2020-02-29,이재영,수원체육관,0,3
흥국생명,2020-02-29,루시아,수원체육관,0,3
흥국생명,2020-02-29,김미연,수원체육관,0,3
흥국생명,2020-02-29,이주아,수원체육관,0,3
흥국생명,2020-02-29,김세영,수원체육관,0,3
흥국생명,2020-02-29,조송화,수원체육관,0,3
흥국생명,2020-02-29,김해란,수원체육관,0,3
흥국생명,2020-02-29,박현주,수원체육관,0,3
흥국생명,2020-02-29,신연경,수원체육관,0,3
IBK기업은행,2020-02-29,김희진,수원체육관,0,2
IBK기업은행,2020-02-29,표승주,수원체육관,0,2
IBK기업은행,2020-02-29,어나이,수원체육관,0,2
IBK기업은행,2020-02-29,김수지,수원체육관,0,2
IBK기업은행,2020-02-29,변지수,수원체육관,0,2
IBK기업은행,2020-02-29,이나연,수원체육관,0,2
IBK기업은행,2020-02-29,한지현,수원체육관,0,2
현대건설,2020-03-01,정지윤,수원체육관,0,3
현대건설,2020-03-01,양효진,수원체육관,0,3
현대건설,2020-03-01,헤일리,수원체육관,0,3
현대건설,2020-03-01,황민경,수원체육관,0,3
현대건설,2020-03-01,이다영,수원체육관,0,3
현대건설,2020-03-01,고예림,수원체육관,0,3
현대건설,2020-03-01,이영주,수원체육관,0,3
GS칼텍스,2020-03-01,러츠,수원체육관,0,2
GS칼텍스,2020-03-01,강소휘,수원체육관,0,2
GS칼텍스,2020-03-01,이소영,수원체육관,0,2
GS칼텍스,2020-03-01,한수지,수원체육관,0,2
GS칼텍스,2020-03-01,이고은,수원체육관,0,2
GS칼텍스,2020-03-01,김해빈,수원체육관,0,2
GS칼텍스,2020-03-01,안혜진,수원체육관,0,2
GS칼텍스,2020-03-01,한다혜,수원체육관,0,2
